DIFFICULTY,CHANNELS,CHANNEL_INDEX,ELAPSED_TIME
26,64,16,8.914205208s
26,64,16,10.096153542s
26,64,53,11.737523667s
26,64,16,9.788839125s
26,1,0,32.129785s
26,64,15,10.765106875s
26,64,53,23.226927833s
26,64,14,7.083272458s
26,64,48,48.038946333s
26,64,62,19.020181791s
26,64,37,23.125846959s
26,64,42,22.090109875s
